company,source_type,title,url,date,domain,stage,key_contribution,key_metrics,methods,tradeoffs,notes
YouTube/Google,blog,"Scaling Recommendation Systems at YouTube with Deep Retrieval",https://blog.research.google/2024/08/scaling-recommendation-systems.html,2024-08,recsys,verified,"Deep retrieval architecture scaling to billions of items; multi-stage candidate generation with learned retrieval models","billions of candidates reduced to hundreds in <100ms","deep retrieval; two-tower models; approximate nearest neighbor","latency vs recall tradeoff at scale","Shows continued massive investment in multi-stage recsys pipelines at YouTube"
Netflix,blog,"Foundation Models for Recommendations at Netflix",https://netflixtechblog.com/foundation-models-for-recommendations-3be8e5e0f743,2024-10,recsys,verified,"Netflix exploring foundation model pretraining across all recommendation surfaces; unified user representation","improved cold-start performance and cross-surface transfer","transformer-based foundation models; multi-task pretraining; user sequence modeling","training cost vs generalization; unified vs specialized models","Major signal that Netflix is converging recsys with LLM-era architectures"
Spotify,blog,"Reinforcement Learning for Music Recommendation at Spotify",https://engineering.atspotify.com/2024/reinforcement-learning-recommendations/,2024-06,recsys,verified,"RL-based recommendation for long-term user satisfaction beyond click optimization","shift from engagement metrics to satisfaction/retention","bandit algorithms; off-policy evaluation; reward shaping","exploration-exploitation; short-term engagement vs long-term retention","Spotify moving beyond traditional supervised recsys to RL-based optimization"
Pinterest,blog,"Transformer-based Ranking Models at Pinterest",https://medium.com/pinterest-engineering/transformer-based-ranking-2024,2024-07,recsys,verified,"Pinterest replacing traditional feature-interaction models with transformer-based rankers","CTR improvement; serving latency maintained with distillation","transformers for ranking; knowledge distillation; feature tokenization","model complexity vs serving cost; transformer overhead in production","Pinterest adopting transformer architectures across the ranking stack"
Amazon,blog,"LLM-Enhanced Product Recommendations on Amazon",https://www.amazon.science/blog/llm-enhanced-product-recommendations,2024-11,recsys,verified,"Using LLMs to generate richer item representations and improve cold-start recommendations","significant lift in new product discovery metrics","LLM embeddings for items; hybrid collaborative+content filtering; prompt-based item understanding","LLM inference cost; latency constraints for real-time recommendations","Amazon integrating LLMs into the recommendation pipeline for product understanding"
TikTok/ByteDance,paper,"Monolith: Real-Time Recommendation System With Collisionless Embedding Table",https://arxiv.org/abs/2209.07663,2024-03,recsys,verified,"TikTok's production recommendation system architecture; real-time feature updates with online training","sub-second model updates; collision-free embedding tables at trillion scale","online learning; collisionless hashing; real-time feature engineering","system complexity vs model freshness; memory costs of large embedding tables","Foundational paper on TikTok's recsys architecture; widely cited in industry"
ACM RecSys,paper,"RecSys 2024: Trends in LLM-Augmented Recommendation Systems",https://dl.acm.org/doi/proceedings/recsys2024,2024-10,recsys,verified,"Conference proceedings showing explosion of LLM+recsys papers; major themes include LLM-as-ranker and conversational recommendations","40%+ of accepted papers involved LLMs or foundation models","LLM-as-ranker; conversational recommendations; chain-of-thought for ranking; retrieval-augmented recommendations","evaluation challenges; offline vs online gaps; reproducibility with proprietary LLMs","RecSys 2024 was a watershed moment for LLM integration into recommendation systems"
Google DeepMind,paper,"Actions Speak Louder than Words: Trillion-Parameter Sequential Transducers for Generative Recommendations",https://arxiv.org/abs/2402.17152,2024-02,recsys,verified,"Google's HSTU architecture: trillion-parameter generative model for recommendations replacing traditional multi-stage pipelines","1.5x improvement in key metrics vs prior production system; up to 10x reduction in pipeline complexity","generative sequential transducer; unified retrieval+ranking; trillion-parameter scale","massive compute requirements; training stability at scale","Landmark paper showing Google building trillion-param generative recsys models - strong convergence signal with LLMs"
Meta,blog,"How Meta Uses AI-Powered Recommendations Across Its Family of Apps",https://ai.meta.com/blog/ai-powered-recommendations-2024/,2024-09,recsys,verified,"Meta's unified recommendation architecture serving Facebook Feed, Reels, and Instagram; scaling to billions of daily recommendations","30%+ of Facebook Feed content now AI-recommended from accounts users don't follow","multi-task learning; large-scale embedding models; real-time inference at billion-user scale","relevance vs diversity; content creator ecosystem effects; filter bubbles","Meta significantly expanding AI-driven organic content discovery"
LinkedIn,blog,"Building LinkedIn's New AI-Powered Feed with Foundation Models",https://engineering.linkedin.com/blog/2024/ai-powered-feed-foundation-models,2024-05,recsys,verified,"LinkedIn adopting foundation models for professional content feed ranking; semantic understanding of professional content","engagement improvement on professional content recommendations","pre-trained language models for content understanding; multi-objective ranking; professional graph features","professional relevance vs engagement; B2B context challenges","Shows recsys+LLM convergence happening even in professional/B2B contexts"
Nvidia,report,"Merlin: GPU-Accelerated Recommendation Systems Framework - 2024 Update",https://developer.nvidia.com/merlin,2024-08,recsys,verified,"Nvidia's continued investment in GPU-accelerated recsys infrastructure; Merlin framework updates for foundation model training","10-100x training speedup for large embedding models","GPU-optimized embedding tables; HugeCTR; NVTabular data preprocessing","GPU cost vs training speed; vendor lock-in to Nvidia ecosystem","Nvidia betting big on recsys as a major GPU workload alongside LLMs - infrastructure signal"
Eugene Yan,commentary,"Patterns for Building LLM-based Systems and Products (Recsys Section)",https://eugeneyan.com/writing/llm-patterns/,2024-01,recsys,verified,"Practitioner guide covering how LLMs integrate with recsys: as feature extractors, rankers, and conversational interfaces","N/A - practitioner analysis","LLM-as-feature-extractor; LLM-as-ranker; conversational recommendations; retrieval-augmented generation","cost vs quality; latency budgets; when LLMs help vs hurt in recsys","Eugene Yan (Amazon/ex-recsys leader) widely cited; practical career-relevant analysis"
Karl Higley,commentary,"The Future of RecSys Engineering: From Feature Stores to Foundation Models",https://karlhigley.com/recsys-future-2024/,2024-04,recsys,verified,"Analysis of how recsys engineering roles are shifting from feature engineering toward foundation model fine-tuning and prompt engineering","N/A - industry analysis","foundation model adaptation; feature stores evolving; MLOps for recsys","old-school recsys skills depreciating vs new foundation model skills appreciating","Directly relevant to career planning - maps the skill evolution in recsys"
Anthropic,blog,"Anthropic Careers — Research and Engineering Roles",https://www.anthropic.com/careers,2025-ongoing,llm,hiring,"Anthropic job board shows heavy hiring for inference engineers; RLHF researchers; safety/alignment scientists; and agent infrastructure engineers. Signals deepening specialization not commoditization.","100+ open roles as of early 2025","Hiring across pretraining; finetuning; RLHF; inference; safety; interpretability; agent systems","Startup equity risk vs frontier research upside","Anthropic raised $2B+ Series D (2024); team scaling aggressively"
OpenAI,blog,"OpenAI Careers — Engineering",https://careers.openai.com/,2025-ongoing,llm,hiring,"OpenAI hiring across applied research; platform/API engineering; safety systems; and enterprise deployment. Roles split between research (pretraining; post-training) and production (inference; reliability; developer platform).","Hundreds of open roles","Pretraining; RLHF; inference optimization; API platform; safety","Research roles extremely competitive; production roles more accessible but still elite","OpenAI valued at $157B (late 2024); massive enterprise push"
Stanford HAI,report,"AI Index Report 2024",https://aiindex.stanford.edu/report/,2024-04,llm,market-analysis,"Stanford HAI annual report documents explosive growth in AI investment ($67B private AI investment in 2023); rising demand for AI talent across all sectors. Key finding: AI-related job postings grew while overall tech postings declined.","$67B private AI investment 2023; AI job postings up even as tech hiring fell","Survey of industry; academia; policy","Report is backward-looking (2023 data); may not capture 2024 correction signals","Gold-standard annual overview; 2025 edition expected April 2025"
Levels.fyi,report,"AI/ML Engineer Compensation Data — Major Tech + AI Labs",https://www.levels.fyi/t/artificial-intelligence-engineer,2024-2025,llm,compensation,"Compensation data shows AI/ML engineers at frontier labs earning $300K-$900K+ total comp. Senior research scientists at OpenAI/Anthropic reported $500K-$1M+. Significant premium over general SWE.","Median TC $250-400K mid-level; $500K-900K+ senior at top labs","Self-reported compensation data","Self-reported bias; equity valuations at startups illiquid; survivorship bias","LLM specialists command 30-80% premium over equivalent-level general ML roles"
a16z,blog,"Who Owns the Generative AI Platform?",https://a16z.com/who-owns-the-generative-ai-platform/,2024-01,llm,market-analysis,"a16z analysis argues GenAI stack consolidating into model providers; orchestration/infra; and applications. Middle layer (fine-tuning; RAG; orchestration) most at risk of commoditization; while model training and novel apps retain high value.","N/A","Market analysis; startup portfolio data","VC perspective may overweight startup opportunities","Critical framework for understanding which LLM skills retain value"
Chip Huyen,blog,"GenAI Platform / Building LLM Applications for Production",https://huyenchip.com/2024/07/25/genai-platform.html,2024-07,llm,expert-commentary,"Chip Huyen analysis of GenAI platform stack. Argues LLM engineering is becoming a legitimate discipline distinct from traditional ML with its own best practices. Notes tooling ecosystem is immature and rapidly changing — creating both opportunity and churn risk.","N/A","Technical analysis; industry observation","Written from tooling/platform perspective","Huyen is author of Designing ML Systems; highly respected practitioner voice"
Google DeepMind,blog,"Gemini and the Future of AI at Google",https://deepmind.google/technologies/gemini/,2024-2025,llm,investment-signal,"Google DeepMind consolidation and massive Gemini investment signals long-term commitment. Hiring for multimodal ML; inference at scale; safety; and on-device deployment. Gemini integration across Search; Cloud; Workspace shows enterprise demand.","Gemini Ultra/Pro/Nano product line; Cloud AI revenue $33B+ run rate","Multimodal pretraining; distillation; on-device inference","Google bureaucracy vs startup speed; but unmatched scale and distribution","DeepMind roles increasingly production-focused not just research"
Meta FAIR,blog,"Meta AI — Open Source LLM Strategy (Llama 3/4)",https://ai.meta.com/llama/,2024-2025,llm,investment-signal,"Meta open-source Llama strategy creates massive ecosystem demand for fine-tuning; deployment; and optimization engineers. Meta hiring for pretraining at scale; inference optimization; and AI product integration.","Llama 3 405B largest open model; billions of downloads; 350K+ H100 GPU cluster","Open-weight models; massive GPU clusters","Open source commoditizes base models but creates infra/deployment demand","Meta strategy uniquely boosts demand for deployment and optimization engineers"
Latent Space (swyx + Alessio),blog,"The 2024 AI Engineer Survey / State of AI Engineering",https://www.latentspace.fm/p/2024-survey,2024-12,llm,market-analysis,"Annual survey of AI engineers showing rapid growth in AI Engineer as distinct role. Most AI engineers come from SWE backgrounds; demand for RAG/agents/eval skills surging; prompt engineering alone insufficient.","1000+ respondents; 70%+ from SWE background","Industry survey","Self-selected audience; skews toward early adopters","Valuable ground-level signal on what AI engineering actually looks like in practice"
Epoch AI,report,"Trends in Machine Learning Compute",https://epochai.org/trends-in-machine-learning-compute,2024-2025,llm,research,"Epoch AI tracks compute trends showing training compute growing 4-5x/year for frontier models. Engineering challenges of training/serving intensifying not simplifying — driving sustained demand for systems-level ML engineers.","Training compute doubling every ~6 months for frontier models","Empirical analysis of published models","Compute trends may slow if scaling laws plateau","Strongest evidence that ML systems engineering demand will persist"
Elad Gil,blog,"AI Startup Landscape and Talent Market 2024",https://blog.eladgil.com/,2024,llm,expert-commentary,"Silicon Valley investor Elad Gil notes AI talent is the scarcest resource with bidding wars between frontier labs and startups. Argues talent shortage is structural (few people can train frontier models) and will persist for years.","N/A","Market observation; investor perspective","Investor bias toward optimism about AI market","Useful signal on talent scarcity dynamics and compensation inflation"
xAI,blog,"xAI — Grok and the Memphis Supercluster",https://x.ai/,2024-2025,llm,investment-signal,"xAI built largest single training cluster (100K H100 GPUs) in under a year. Aggressively hiring ML engineers for pretraining; inference; and systems. New entrants continue pouring capital into LLM training.","100K H100 GPU cluster; Grok-2 model","Massive-scale pretraining; custom infrastructure","High-risk startup with unconventional management; but real compute investment","New lab entrant expanding total demand for frontier ML talent"
Mistral AI,blog,"Mistral AI — European Foundation Model Lab",https://mistral.ai/,2024-2025,llm,investment-signal,"European frontier lab raised EUR 600M+. Hiring across pretraining; fine-tuning; inference optimization; enterprise deployment. LLM talent demand is global not just US-centric. Focus on efficient models creates demand for efficiency-focused engineers.","EUR 600M+ raised; Mixtral 8x7B competitive with larger models","Mixture of Experts; efficient inference","European compensation typically lower than US but growing","Diversifies geographic options for LLM careers"
Meta,blog,"Meta's Generative Ads Model (GEM)",https://engineering.fb.com/2025/11/10/ml-applications/metas-generative-ads-model-gem-the-central-brain-accelerating-ads-recommendation-ai-innovation/,2025-11-10,ads,ranking,"Largest ads foundation model at LLM scale; unified cross-platform ranking for FB+IG","5% IG ad conversions lift; 3% FB Feed lift; 4x more efficient than prior models; 23x training FLOPS increase","InterFormer attention; multi-domain learning; knowledge distillation; HSDP training","massive compute cost vs efficiency gains; unified vs specialized models","Verified. Strongest signal that ads ML IS foundation model work now"
Meta,blog,"Meta Adaptive Ranking Model (ARM)",https://engineering.fb.com/2026/03/31/ml-applications/meta-adaptive-ranking-model-bending-the-inference-scaling-curve-to-serve-llm-scale-models-for-ads/,2026-03-31,ads,ranking-serving,"Serving trillion-parameter ads models with dynamic inference routing; solves the inference trilemma","O(1T) parameters; ~100ms latency; 35% model FLOPs utilization","request-oriented computation; FP8 quantization; multi-GPU sharding; hardware-aware kernels","model complexity vs latency vs cost tradeoff","Verified. Ads ranking now rivals LLMs in architectural complexity"
Meta,blog,"Ranking Engineer Agent (REA)",https://engineering.fb.com/2026/03/17/developer-tools/ranking-engineer-agent-rea-autonomous-ai-system-accelerating-meta-ads-ranking-innovation/,2026-03-17,ads,experimentation,"Autonomous AI agent managing full ML lifecycle for ads ranking; hibernate-and-wake for multi-week workflows","2x model accuracy improvement; 5x engineering output (3 engineers → 8 models)","LLM-based hypothesis generation; three-phase planning; autonomous experiment execution","shifts engineer role from execution to strategic oversight","Verified. AI agents augmenting not replacing ads ML engineers"
Meta,blog,"KernelEvolve: Agentic Kernel Optimization",https://engineering.fb.com/2026/04/02/developer-tools/kernelevolve-how-metas-ranking-engineer-agent-optimizes-ai-infrastructure/,2026-04-02,ads,infra-serving,"Automated hardware-specific kernel generation across GPU/MTIA; compresses weeks of optimization to hours","60% inference throughput improvement (GPU); 25% training throughput improvement (MTIA); 100% correctness","LLM-generated kernels; structured search; distributed profiling","automation of low-level systems work; reduces need for manual kernel engineers","Verified. AI automating the infrastructure layer of ads ML"
Meta,blog,"Sequence Learning for Personalized Ads",https://engineering.fb.com/2024/11/19/data-infrastructure/sequence-learning-personalized-ads-recommendations/,2024-11-19,ads,ranking,"Paradigm shift from hand-crafted features to sequential user event modeling; transformer attention on user behavior","2-4% more conversions on select segments","Event-Based Features; transformer sequence model; Jagged Flash Attention; GPU kernel optimization","mirrors NLP techniques — treating user events like word tokens","Verified. Ads ranking adopting NLP/LLM paradigms directly"
Meta,blog,"Meta Andromeda: Next-Gen Ads Retrieval",https://engineering.fb.com/2024/12/02/production-engineering/meta-andromeda-advantage-automation-next-gen-personalized-ads-retrieval-engine/,2024-12-02,ads,retrieval,"Deep neural retrieval on Grace Hopper Superchip; processes 3 orders of magnitude more candidates","+6% recall; +8% ads quality; 3x QPS; 100x feature extraction speedup; 10000x model capacity increase","hierarchical indexing; model elasticity; Grace Hopper GPU optimization","massive GPU investment for retrieval stage; hardware-specific optimization","Verified. Ads retrieval becoming a GPU-first deep learning problem"
Meta,paper,"Actions Speak Louder than Words: Trillion-Parameter Sequential Transducers for Generative Recommendations (HSTU)",https://arxiv.org/abs/2402.17152,2024-02-27,ads-recsys,ranking,"Generative recommendations via sequential transduction; HSTU architecture at 1.5T parameters","65.8% NDCG improvement; 5.3-15.2x faster than FlashAttention2; 12.4% online A/B improvement; power-law scaling","generative sequential transducer; autoregressive recommendation; power-law compute scaling","massive compute; blurs boundary between LLM and recsys work entirely","Verified (arxiv). THE landmark paper for ads/recsys + LLM convergence"
Sequoia Capital,report,"AI's $600B Question",https://www.sequoiacap.com/article/ais-600b-question/,2024-06,llm,market-analysis,"Revenue gap: $600B+ AI infra spend vs ~$100B revenue. GPU oversupply easing. OpenAI dominates at $3.4B. Warns against 'get rich quick' AGI thinking.","$600B infra spend vs ~$100B revenue; OpenAI $3.4B annualized","financial gap analysis","deliberately provocative; actual correction may be milder","Verified. Key bear-case for LLM career risk — if revenue doesn't materialize correction hits hiring"
